date,Fruit,Vegetable,difference
1/1/2022,178.0,108.85714285714286,69.14285714285714
1/10/2021,171.9047619047619,73.83088235294117,98.07387955182072
1/10/2022,178.04347826086956,101.16666666666667,76.87681159420289
1/11/2021,170.23809523809524,72.37142857142857,97.86666666666667
1/11/2022,181.95652173913044,104.9054054054054,77.05111633372503
1/12/2021,181.31578947368422,82.72857142857143,98.58721804511279
1/12/2022,187.14285714285714,102.5,84.64285714285714
1/13/2021,177.0,83.36619718309859,93.63380281690141
1/13/2022,186.66666666666666,98.72972972972973,87.93693693693693
1/14/2021,176.25,75.47058823529412,100.77941176470588
1/14/2022,186.66666666666666,96.4931506849315,90.17351598173515
1/15/2021,174.5,74.43382352941177,100.06617647058823
1/15/2022,189.04761904761904,98.16438356164383,90.8832354859752
1/16/2021,173.25,77.23880597014926,96.01119402985074
1/16/2022,185.0,70.80701754385964,114.19298245614036
1/17/2021,173.75,72.34057971014492,101.40942028985508
1/17/2022,186.30434782608697,95.20422535211267,91.1001224739743
1/18/2021,172.14285714285714,74.86363636363636,97.27922077922078
1/18/2022,180.2,93.82432432432432,86.37567567567567
1/19/2021,173.0952380952381,73.43382352941177,99.66141456582633
1/19/2022,181.0,95.61971830985915,85.38028169014085
1/2/2022,177.70833333333334,107.39473684210526,70.31359649122808
1/20/2021,179.0,69.54347826086956,109.45652173913044
1/20/2022,185.4,90.30405405405405,95.09594594594596
1/21/2021,174.76190476190476,69.16911764705883,105.59278711484593
1/21/2022,180.4,86.95945945945945,93.44054054054055
1/22/2021,174.76190476190476,70.55,104.21190476190476
1/22/2022,180.83333333333334,89.84285714285714,90.9904761904762
1/23/2021,170.45454545454547,71.1470588235294,99.30748663101606
1/23/2022,175.6,94.12,81.47999999999999
1/24/2021,170.45454545454547,69.56521739130434,100.88932806324112
1/24/2022,175.4,99.42465753424658,75.97534246575343
1/25/2021,170.45454545454547,78.88571428571429,91.56883116883118
1/25/2022,179.2,98.41666666666667,80.78333333333332
1/26/2021,181.0,83.36428571428571,97.63571428571429
1/26/2022,173.33333333333334,95.75694444444444,77.5763888888889
1/27/2021,169.4318181818182,74.80882352941177,94.62299465240642
1/27/2022,173.54166666666666,94.45774647887323,79.08392018779342
1/28/2021,170.9090909090909,83.53571428571429,87.37337662337661
1/28/2022,173.125,94.57534246575342,78.54965753424658
1/29/2021,169.4318181818182,73.71323529411765,95.71858288770053
1/29/2022,171.66666666666666,93.95890410958904,77.70776255707761
1/3/2022,179.0,112.11333333333333,66.88666666666667
1/30/2021,169.3181818181818,74.30434782608695,95.01383399209486
1/30/2022,171.25,93.92567567567568,77.32432432432432
1/31/2021,167.72727272727272,73.8913043478261,93.83596837944663
1/31/2022,173.95833333333334,92.93835616438356,81.01997716894978
1/4/2022,178.8,106.1,72.70000000000002
1/5/2021,179.5,79.6086956521739,99.8913043478261
1/5/2022,192.27272727272728,103.22435897435898,89.0483682983683
1/6/2021,175.5,81.66428571428571,93.83571428571429
1/6/2022,183.33333333333334,101.9,81.43333333333334
1/7/2021,180.52631578947367,81.14492753623189,99.38138825324178
1/7/2022,175.41666666666666,101.54545454545455,73.87121212121211
1/8/2021,180.78947368421052,75.84057971014492,104.9488939740656
1/8/2022,175.625,101.71428571428571,73.91071428571429
1/9/2021,171.1904761904762,85.69565217391305,85.49482401656316
1/9/2022,176.04166666666666,101.03205128205128,75.00961538461537
10/1/2021,149.84375,155.61267605633802,-5.768926056338017
10/10/2021,149.72222222222223,144.02666666666667,5.695555555555558
10/11/2021,148.05555555555554,128.875,19.180555555555543
10/12/2021,154.11764705882354,131.17105263157896,22.946594427244577
10/13/2021,155.58823529411765,135.15131578947367,20.43691950464398
10/14/2021,171.66666666666666,120.26923076923077,51.397435897435884
10/15/2021,159.66666666666666,133.28070175438597,26.385964912280684
10/16/2021,149.375,147.1984126984127,2.17658730158729
10/17/2021,148.23529411764707,132.8507462686567,15.384547848990366
10/18/2021,148.33333333333334,129.71621621621622,18.617117117117118
10/19/2021,146.25,130.99333333333334,15.25666666666666
10/2/2021,143.47222222222223,159.67123287671234,-16.19901065449011
10/20/2021,145.3125,126.60416666666667,18.70833333333333
10/21/2021,146.1764705882353,125.05633802816901,21.120132560066295
10/22/2021,144.7058823529412,118.8169014084507,25.888980944490484
10/23/2021,145.88235294117646,107.36111111111111,38.52124183006535
10/24/2021,145.88235294117646,104.76027397260275,41.12207896857372
10/25/2021,142.05882352941177,110.8082191780822,31.25060435132957
10/26/2021,146.25,114.84027777777777,31.40972222222223
10/27/2021,145.58823529411765,122.60416666666667,22.98406862745098
10/28/2021,149.41176470588235,128.45833333333334,20.953431372549005
10/29/2021,150.0,130.33333333333334,19.666666666666657
10/3/2021,142.63888888888889,156.41780821917808,-13.778919330289199
10/30/2021,149.75,129.26315789473685,20.48684210526315
10/31/2021,148.5,130.1184210526316,18.38157894736841
10/4/2021,143.61111111111111,146.46527777777777,-2.854166666666657
10/5/2021,142.5,152.97972972972974,-10.47972972972974
10/6/2021,145.27777777777777,139.16,6.117777777777775
10/7/2021,144.72222222222223,142.43835616438355,2.2838660578386794
10/8/2021,147.22222222222223,142.79333333333332,4.428888888888906
10/9/2021,148.61111111111111,145.95333333333335,2.657777777777767
11/1/2021,146.25,129.53333333333333,16.71666666666667
11/10/2021,166.5,128.38,38.120000000000005
11/11/2021,166.5,126.65753424657534,39.84246575342466
11/12/2021,165.71428571428572,127.97260273972603,37.741682974559694
11/13/2021,163.33333333333334,127.01298701298701,36.32034632034633
11/14/2021,164.52380952380952,126.88311688311688,37.640692640692635
11/15/2021,164.04761904761904,145.4,18.64761904761903
11/16/2021,163.57142857142858,141.27631578947367,22.295112781954913
11/17/2021,159.54545454545453,139.51298701298703,20.032467532467507
11/18/2021,158.63636363636363,139.78,18.856363636363625
11/19/2021,182.91666666666666,143.28666666666666,39.629999999999995
11/2/2021,139.04761904761904,129.45890410958904,9.588714938029995
11/20/2021,180.41666666666666,137.60526315789474,42.81140350877192
11/21/2021,181.66666666666666,136.5065789473684,45.16008771929825
11/22/2021,165.6818181818182,137.34868421052633,28.333133971291858
11/23/2021,204.56521739130434,137.70394736842104,66.8612700228833
11/24/2021,203.75,135.73376623376623,68.01623376623377
11/25/2021,183.47826086956522,125.48076923076923,57.99749163879599
11/26/2021,197.6086956521739,121.87012987012987,75.73856578204403
11/27/2021,201.45833333333334,127.76282051282051,73.69551282051283
11/28/2021,201.875,127.24675324675324,74.62824675324676
11/29/2021,199.16666666666666,127.89102564102564,71.27564102564102
11/3/2021,150.32608695652175,127.79452054794521,22.531566408576538
11/30/2021,192.91666666666666,123.1907894736842,69.72587719298245
11/4/2021,155.43478260869566,129.26973684210526,26.165045766590396
11/5/2021,173.33333333333334,130.93333333333334,42.400000000000006
11/6/2021,174.77272727272728,125.58333333333333,49.18939393939395
11/7/2021,177.04545454545453,127.78947368421052,49.25598086124401
11/8/2021,158.68421052631578,143.54464285714286,15.13956766917292
11/9/2021,180.22727272727272,136.28082191780823,43.946450809464494
12/1/2021,198.54166666666666,122.17105263157895,76.37061403508771
12/10/2021,181.53846153846155,120.5,61.03846153846155
12/11/2021,188.26923076923077,121.40666666666667,66.86256410256411
12/12/2021,188.07692307692307,119.87333333333333,68.20358974358973
12/13/2021,188.8,125.52666666666667,63.27333333333334
12/14/2021,182.69230769230768,125.74,56.952307692307684
12/15/2021,185.3846153846154,120.46376811594203,64.92084726867336
12/16/2021,181.34615384615384,120.61184210526316,60.734311740890675
12/17/2021,145.0,118.65384615384616,26.34615384615384
12/18/2021,183.07692307692307,118.21518987341773,64.86173320350534
12/19/2021,189.16666666666666,119.325,69.84166666666665
12/2/2021,194.56521739130434,126.19594594594595,68.3692714453584
12/20/2021,187.30769230769232,127.8896103896104,59.418081918081924
12/21/2021,183.46153846153845,123.59493670886076,59.866601752677695
12/22/2021,183.65384615384616,107.00657894736842,76.64726720647774
12/23/2021,189.42307692307693,129.46153846153845,59.96153846153848
12/24/2021,189.80769230769232,105.46710526315789,84.34058704453443
12/25/2021,184.23076923076923,105.99350649350649,78.23726273726274
12/26/2021,185.0,106.88461538461539,78.11538461538461
12/27/2021,188.65384615384616,108.28846153846153,80.36538461538463
12/28/2021,193.8,102.5,91.30000000000001
12/29/2021,192.8,104.0448717948718,88.75512820512822
12/3/2021,191.45833333333334,127.44,64.01833333333335
12/30/2021,180.47619047619048,107.05797101449275,73.41821946169773
12/31/2021,180.2,112.80263157894737,67.39736842105262
12/4/2021,191.66666666666666,123.28571428571429,68.38095238095237
12/5/2021,192.6086956521739,124.16233766233766,68.44635798983624
12/6/2021,194.79166666666666,129.5194805194805,65.27218614718615
12/7/2021,194.2,126.12837837837837,68.07162162162162
12/8/2021,198.95833333333334,124.33783783783784,74.6204954954955
12/9/2021,190.0,121.94736842105263,68.05263157894737
2/1/2021,170.45454545454547,76.67647058823529,93.77807486631018
2/1/2022,170.4,95.83333333333333,74.56666666666668
2/10/2021,162.04545454545453,83.22535211267606,78.82010243277847
2/10/2022,200.96153846153845,100.23648648648648,100.72505197505197
2/11/2021,168.75,83.01388888888889,85.73611111111111
2/11/2022,200.76923076923077,102.69333333333333,98.07589743589745
2/12/2021,163.75,79.89583333333333,83.85416666666667
2/12/2022,194.03846153846155,96.60135135135135,97.43711018711019
2/13/2021,164.54545454545453,80.00704225352112,84.53841229193341
2/13/2022,195.0,95.11842105263158,99.88157894736842
2/14/2021,167.27272727272728,77.97183098591549,89.30089628681179
2/14/2022,193.65384615384616,96.61842105263158,97.03542510121459
2/15/2021,166.25,79.20422535211267,87.04577464788733
2/15/2022,200.3846153846154,94.77631578947368,105.6082995951417
2/16/2021,167.38636363636363,79.19718309859155,88.18918053777207
2/16/2022,198.46153846153845,95.32894736842105,103.1325910931174
2/17/2021,165.97826086956522,79.53472222222223,86.44353864734299
2/17/2022,200.96153846153845,93.91333333333333,107.04820512820513
2/18/2021,168.86363636363637,76.24285714285715,92.62077922077923
2/18/2022,201.73076923076923,94.90666666666667,106.82410256410256
2/19/2021,167.38636363636363,74.91666666666667,92.46969696969695
2/19/2022,198.2,96.12,102.07999999999998
2/2/2021,172.14285714285714,77.90579710144928,94.23706004140786
2/2/2022,177.5,99.24647887323944,78.25352112676056
2/20/2021,165.65217391304347,79.41304347826087,86.2391304347826
2/20/2022,200.2,96.15333333333334,104.04666666666665
2/21/2021,167.85714285714286,70.55223880597015,97.30490405117271
2/21/2022,186.6,93.50657894736842,93.09342105263157
2/22/2021,164.1304347826087,70.72388059701493,93.40655418559376
2/22/2022,186.2,93.6986301369863,92.5013698630137
2/23/2021,166.30434782608697,71.81343283582089,94.49091499026608
2/23/2022,195.0,91.75675675675676,103.24324324324324
2/24/2021,164.1304347826087,71.24615384615385,92.88428093645484
2/24/2022,196.30434782608697,94.06164383561644,102.24270399047053
2/25/2021,164.8913043478261,74.40714285714286,90.48416149068323
2/25/2022,189.79166666666666,86.65277777777777,103.13888888888889
2/26/2021,174.16666666666666,73.70833333333333,100.45833333333333
2/27/2021,173.57142857142858,71.92142857142858,101.65
2/27/2022,186.7391304347826,91.66438356164383,95.07474687313876
2/28/2021,171.13636363636363,70.04166666666667,101.09469696969695
2/28/2022,188.75,79.83802816901408,108.91197183098592
2/3/2021,177.89473684210526,67.04166666666667,110.85307017543859
2/3/2022,173.6,100.09722222222223,73.50277777777777
2/4/2021,173.125,82.23846153846154,90.88653846153846
2/4/2022,179.6,99.57638888888889,80.02361111111111
2/5/2021,171.3095238095238,85.83333333333333,85.47619047619047
2/5/2022,166.41304347826087,93.32352941176471,73.08951406649616
2/6/2021,170.23809523809524,80.26811594202898,89.96997929606626
2/6/2022,167.82608695652175,102.64492753623189,65.18115942028986
2/7/2021,170.5952380952381,80.40579710144928,90.18944099378882
2/7/2022,193.91304347826087,91.16666666666667,102.7463768115942
2/8/2021,165.0,81.47857142857143,83.52142857142857
2/8/2022,185.57692307692307,103.37671232876713,82.20021074815594
2/9/2021,161.8181818181818,82.44927536231884,79.36890645586297
2/9/2022,195.0,99.43835616438356,95.56164383561644
2022-04-19,,,
2022-04-20,,,
2022-04-21,,,
2022-04-22,,,
2022-04-23,,,
2022-04-24,,,
2022-04-25,,,
2022-04-26,,,
2022-04-27,,,
2022-04-28,,,
2022-04-29,,,
2022-04-30,,,
2022-05-01,,,
2022-05-02,,,
2022-05-03,,,
2022-05-04,,,
2022-05-05,,,
2022-05-06,,,
2022-05-07,,,
2022-05-08,,,
2022-05-09,,,
2022-05-10,,,
2022-05-11,,,
2022-05-12,,,
2022-05-14,,,
2022-05-15,,,
2022-05-16,,,
2022-05-17,,,
2022-05-18,,,
2022-05-19,,,
2022-05-20,,,
2022-05-21,,,
2022-05-22,,,
2022-05-23,,,
2022-05-24,,,
2022-05-25,,,
2022-05-26,,,
2022-05-27,,,
2022-05-28,,,
2022-05-29,,,
2022-05-30,,,
2022-05-31,,,
2022-06-01,,,
2022-06-02,,,
2022-06-03,,,
2022-06-04,,,
2022-06-05,,,
2022-06-06,,,
2022-06-07,,,
2022-06-08,,,
2022-06-09,,,
2022-06-10,,,
2022-06-11,,,
2022-06-12,,,
2022-06-13,,,
2022-06-14,,,
2022-06-15,,,
2022-06-16,,,
2022-06-17,,,
2022-06-18,,,
2022-06-19,,,
2022-06-20,,,
2022-06-21,,,
2022-06-22,,,
2022-06-23,,,
2022-06-24,,,
2022-06-25,,,
2022-06-26,,,
2022-06-27,,,
2022-06-28,,,
2022-06-29,,,
2022-06-30,,,
2022-07-01,,,
2022-07-02,,,
2022-07-03,,,
2022-07-04,,,
2022-07-05,,,
2022-07-06,,,
2022-07-07,,,
2022-07-08,,,
2022-07-09,,,
2022-07-10,,,
2022-07-11,,,
2022-07-12,,,
2022-07-13,,,
2022-07-14,,,
2022-07-15,,,
2022-07-16,,,
2022-07-17,,,
2022-07-18,,,
2022-07-19,,,
2022-07-20,,,
2022-07-21,,,
2022-07-22,,,
2022-07-23,,,
2022-07-24,,,
2022-07-25,,,
2022-07-26,,,
2022-07-27,,,
2022-07-28,,,
2022-07-29,,,
2022-07-30,,,
2022-07-31,,,
2022-08-01,,,
2022-08-02,,,
2022-08-03,,,
2022-08-04,,,
2022-08-05,,,
2022-08-06,,,
2022-08-07,,,
2022-08-08,,,
2022-08-09,,,
2022-08-10,,,
2022-08-11,,,
2022-08-12,,,
2022-08-13,,,
2022-08-14,,,
2022-08-15,,,
2022-08-16,,,
2022-08-17,,,
2022-08-18,,,
2022-08-19,,,
2022-08-20,,,
2022-08-21,,,
2022-08-22,,,
2022-08-23,,,
2022-08-24,,,
2022-08-25,,,
2022-08-26,,,
2022-08-27,,,
2022-08-28,,,
2022-08-29,,,
2022-08-30,,,
2022-08-31,,,
2022-09-01,,,
2022-09-02,,,
2022-09-03,,,
2022-09-04,,,
2022-09-05,,,
2022-09-06,,,
2022-09-07,,,
2022-09-08,,,
2022-09-09,,,
2022-09-10,,,
2022-09-11,,,
2022-09-12,,,
2022-09-13,,,
2022-09-14,,,
2022-09-15,,,
2022-09-16,,,
2022-09-17,,,
2022-09-18,,,
2022-09-19,,,
2022-09-20,,,
2022-09-21,,,
2022-09-22,,,
2022-09-23,,,
2022-09-24,,,
2022-09-25,,,
2022-09-26,,,
2022-09-27,,,
2022-09-28,,,
2022-09-29,,,
2022-09-30,,,
2022-10-01,,,
2022-10-02,,,
2022-10-03,,,
2022-10-04,,,
2022-10-05,,,
2022-10-06,,,
2022-10-07,,,
2022-10-08,,,
2022-10-09,,,
2022-10-10,,,
2022-10-11,,,
2022-10-12,,,
2022-10-13,,,
2022-10-14,,,
2022-10-15,,,
2022-10-16,,,
2022-10-17,,,
2022-10-18,,,
2022-10-19,,,
2022-10-20,,,
2022-10-21,,,
2022-10-22,,,
2022-10-23,,,
2022-10-24,,,
2022-10-25,,,
2022-10-26,,,
2022-10-27,,,
2022-10-28,,,
2022-10-29,,,
2022-10-30,,,
2022-10-31,,,
2022-11-01,,,
2022-11-02,,,
2022-11-03,,,
2022-11-04,,,
2022-11-05,,,
2022-11-06,,,
2022-11-07,,,
2022-11-08,,,
2022-11-09,,,
2022-11-10,,,
2022-11-11,,,
2022-11-12,,,
2022-11-13,,,
2022-11-14,,,
2022-11-15,,,
2022-11-16,,,
2022-11-17,,,
2022-11-18,,,
2022-11-19,,,
2022-11-21,,,
2022-11-22,,,
2022-11-23,,,
2022-11-24,,,
2022-11-25,,,
2022-11-26,,,
2022-11-27,,,
2022-11-28,,,
2022-11-29,,,
2022-11-30,,,
2022-12-01,,,
2022-12-02,,,
2022-12-03,,,
2022-12-04,,,
2022-12-05,,,
2022-12-06,,,
2022-12-07,,,
2022-12-08,,,
2022-12-09,,,
2022-12-10,,,
2022-12-11,,,
2022-12-12,,,
2022-12-13,,,
2022-12-14,,,
2022-12-15,,,
2022-12-16,,,
2022-12-17,,,
2022-12-18,,,
2022-12-19,,,
2022-12-20,,,
2022-12-21,,,
2022-12-22,,,
2022-12-23,,,
2022-12-24,,,
2022-12-25,,,
2022-12-26,,,
2022-12-27,,,
2022-12-28,,,
2022-12-29,,,
2022-12-30,,,
2022-12-31,,,
2023-01-01,,,
2023-01-02,,,
2023-01-03,,,
2023-01-04,,,
2023-01-05,,,
2023-01-06,,,
2023-01-07,,,
2023-01-08,,,
2023-01-09,,,
2023-01-10,,,
2023-01-11,,,
2023-01-12,,,
2023-01-13,,,
2023-01-14,,,
2023-01-15,,,
2023-01-16,,,
2023-01-17,,,
2023-01-18,,,
2023-01-19,,,
2023-01-20,,,
2023-01-21,,,
2023-01-22,,,
2023-01-23,,,
2023-01-24,,,
2023-01-25,,,
2023-01-26,,,
2023-01-27,,,
2023-01-28,,,
2023-01-29,,,
2023-01-30,,,
2023-01-31,,,
2023-02-01,,,
2023-02-02,,,
2023-02-03,,,
2023-02-04,,,
2023-02-05,,,
2023-02-06,,,
2023-02-07,,,
2023-02-08,,,
2023-02-09,,,
2023-02-10,,,
2023-02-11,,,
2023-02-12,,,
2023-02-13,,,
2023-02-14,,,
2023-02-15,,,
2023-02-16,,,
2023-02-17,,,
2023-02-18,,,
2023-02-19,,,
2023-02-20,,,
2023-02-21,,,
2023-02-22,,,
2023-02-23,,,
2023-02-24,,,
2023-02-25,,,
2023-02-26,,,
2023-02-27,,,
2023-02-28,,,
2023-03-01,,,
2023-03-02,,,
2023-03-03,,,
2023-03-05,,,
2023-03-06,,,
2023-03-07,,,
2023-03-08,,,
2023-03-09,,,
2023-03-10,,,
2023-03-11,,,
2023-03-12,,,
2023-03-13,,,
2023-03-14,,,
2023-03-15,,,
2023-03-16,,,
2023-03-17,,,
2023-03-18,,,
2023-03-19,,,
2023-03-20,,,
2023-03-21,,,
2023-03-22,,,
2023-03-23,,,
2023-03-24,,,
2023-03-25,,,
2023-03-26,,,
2023-03-27,,,
2023-03-28,,,
2023-03-29,,,
2023-03-30,,,
2023-03-31,,,
2023-04-01,,,
2023-04-02,,,
2023-04-03,,,
2023-04-04,,,
2023-04-05,,,
2023-04-06,,,
2023-04-07,,,
2023-04-08,,,
2023-04-09,,,
2023-04-10,,,
2023-04-11,,,
2023-04-12,,,
2023-04-13,,,
2023-04-14,,,
2023-04-15,,,
2023-04-16,,,
2023-04-17,,,
2023-04-18,,,
2023-04-19,,,
2023-04-20,,,
2023-04-21,,,
2023-04-22,,,
2023-04-23,,,
2023-04-24,,,
2023-04-25,,,
2023-04-26,,,
2023-04-27,,,
2023-04-28,,,
2023-04-29,,,
2023-04-30,,,
2023-05-01,,,
2023-05-02,,,
2023-05-03,,,
2023-05-04,,,
2023-05-05,,,
2023-05-06,,,
2023-05-07,,,
2023-05-08,,,
2023-05-09,,,
2023-05-10,,,
2023-05-11,,,
2023-05-12,,,
2023-05-13,,,
2023-05-14,,,
2023-05-15,,,
2023-05-16,,,
2023-05-17,,,
2023-05-18,,,
2023-05-19,,,
2023-05-20,,,
2023-05-21,,,
2023-05-22,,,
2023-05-23,,,
2023-05-24,,,
2023-05-25,,,
2023-05-26,,,
2023-05-27,,,
2023-05-28,,,
2023-05-29,,,
2023-05-30,,,
2023-05-31,,,
2023-06-01,,,
2023-06-02,,,
2023-06-03,,,
2023-06-04,,,
2023-06-05,,,
2023-06-06,,,
2023-06-07,,,
2023-06-08,,,
2023-06-09,,,
2023-06-10,,,
2023-06-11,,,
2023-06-12,,,
2023-06-13,,,
2023-06-14,,,
2023-06-15,,,
2023-06-16,,,
2023-06-17,,,
2023-06-18,,,
2023-06-19,,,
2023-06-20,,,
2023-06-21,,,
2023-06-22,,,
2023-06-23,,,
2023-06-24,,,
2023-06-25,,,
2023-06-26,,,
2023-06-27,,,
2023-06-28,,,
2023-06-29,,,
2023-06-30,,,
2023-07-01,,,
2023-07-02,,,
2023-07-03,,,
2023-07-04,,,
2023-07-05,,,
2023-07-06,,,
2023-07-07,,,
2023-07-08,,,
2023-07-09,,,
2023-07-10,,,
2023-07-11,,,
2023-07-12,,,
2023-07-13,,,
2023-07-14,,,
2023-07-15,,,
2023-07-16,,,
2023-07-17,,,
2023-07-18,,,
2023-07-19,,,
2023-07-20,,,
2023-07-21,,,
2023-07-22,,,
2023-07-23,,,
2023-07-24,,,
2023-07-25,,,
2023-07-26,,,
2023-07-27,,,
2023-07-28,,,
2023-07-29,,,
2023-07-30,,,
2023-07-31,,,
2023-08-01,,,
2023-08-02,,,
2023-08-03,,,
2023-08-04,,,
2023-08-05,,,
2023-08-06,,,
2023-08-07,,,
2023-08-08,,,
2023-08-09,,,
2023-08-10,,,
2023-08-11,,,
2023-08-12,,,
2023-08-13,,,
2023-08-14,,,
2023-08-15,,,
2023-08-16,,,
2023-08-17,,,
2023-08-18,,,
2023-08-19,,,
2023-08-20,,,
2023-08-21,,,
2023-08-22,,,
2023-08-23,,,
2023-08-24,,,
2023-08-25,,,
2023-08-26,,,
2023-08-27,,,
2023-08-28,,,
2023-08-29,,,
2023-08-30,,,
2023-08-31,,,
2023-09-01,,,
2023-09-02,,,
2023-09-03,,,
2023-09-04,,,
2023-09-05,,,
2023-09-06,,,
2023-09-07,,,
2023-09-08,,,
2023-09-09,,,
2023-09-10,,,
2023-09-11,,,
2023-09-12,,,
2023-09-13,,,
2023-09-14,,,
2023-09-15,,,
2023-09-16,,,
2023-09-17,,,
2023-09-18,,,
2023-09-19,,,
2023-09-20,,,
2023-09-21,,,
2023-09-22,,,
2023-09-23,,,
2023-09-24,,,
2023-09-25,,,
2023-09-26,,,
2023-09-27,,,
2023-09-28,,,
3/1/2021,164.02173913043478,71.57638888888889,92.4453502415459
3/1/2022,189.0,110.23684210526316,78.76315789473684
3/10/2021,164.54545454545453,92.83333333333333,71.7121212121212
3/10/2022,195.2,93.22297297297297,101.97702702702702
3/11/2021,165.22727272727272,92.66025641025641,72.56701631701631
3/11/2022,192.2,93.44,98.75999999999999
3/12/2021,165.47619047619048,92.65384615384616,72.82234432234432
3/12/2022,193.6,92.31168831168831,101.28831168831168
3/13/2021,163.86363636363637,94.34868421052632,69.51495215311006
3/13/2022,190.6,90.51298701298701,100.08701298701298
3/14/2021,163.91304347826087,91.18987341772151,72.72317006053936
3/14/2022,193.4,93.46052631578948,99.93947368421053
3/15/2021,166.02272727272728,91.74683544303798,74.2758918296893
3/15/2022,193.4,91.56410256410257,101.83589743589744
3/16/2021,166.02272727272728,88.69753086419753,77.32519640852975
3/16/2022,196.0,91.5,104.5
3/17/2021,170.23809523809524,87.07594936708861,83.16214587100663
3/17/2022,191.2,88.66666666666667,102.53333333333332
3/18/2021,172.38095238095238,82.9746835443038,89.40626883664858
3/18/2022,186.6,89.3076923076923,97.29230769230769
3/19/2021,169.25,83.06962025316456,86.18037974683544
3/19/2022,187.6,91.98125,95.61874999999999
3/2/2021,163.91304347826087,72.72972972972973,91.18331374853115
3/2/2022,190.96153846153845,108.38157894736842,82.57995951417003
3/20/2021,170.23809523809524,86.51875,83.71934523809524
3/20/2022,188.2,93.63125,94.56875
3/21/2021,168.92857142857142,78.03125,90.89732142857142
3/21/2022,192.0,91.75316455696202,100.24683544303798
3/22/2021,170.83333333333334,85.6125,85.22083333333335
3/22/2022,200.19230769230768,91.8625,108.32980769230768
3/23/2021,166.54761904761904,89.04430379746836,77.50331525015068
3/23/2022,196.73076923076923,91.68125,105.04951923076922
3/24/2021,167.02380952380952,88.53896103896103,78.48484848484848
3/24/2022,202.39583333333334,85.29746835443038,117.09836497890296
3/25/2021,164.88095238095238,86.61538461538461,78.26556776556777
3/25/2022,202.0,83.85,118.15
3/26/2021,171.9047619047619,86.59493670886076,85.30982519590114
3/26/2022,203.5,77.45774647887323,126.04225352112677
3/27/2021,167.02380952380952,87.40259740259741,79.62121212121211
3/27/2022,200.25,76.49324324324324,123.75675675675676
3/28/2021,167.26190476190476,84.27564102564102,82.98626373626374
3/28/2022,206.75,85.29729729729729,121.45270270270271
3/29/2021,171.875,82.86842105263158,89.00657894736842
3/29/2022,206.0,87.31333333333333,118.68666666666667
3/3/2021,162.04545454545453,73.63013698630137,88.41531755915317
3/3/2022,192.0,105.25657894736842,86.74342105263158
3/30/2021,173.125,84.12179487179488,89.00320512820512
3/30/2022,204.25,87.79577464788733,116.45422535211267
3/31/2021,191.8421052631579,86.07432432432432,105.76778093883357
3/31/2022,204.5,88.77397260273973,115.72602739726027
3/5/2021,167.6086956521739,92.02702702702703,75.58166862514688
3/5/2022,192.70833333333334,90.61643835616438,102.09189497716896
3/6/2021,168.15217391304347,100.63333333333334,67.51884057971013
3/6/2022,193.125,91.47260273972603,101.65239726027397
3/7/2021,170.0,90.65068493150685,79.34931506849315
3/7/2022,192.5,93.0625,99.4375
3/8/2021,165.6818181818182,99.78289473684211,65.89892344497608
3/8/2022,192.8,96.32467532467533,96.47532467532469
3/9/2021,165.6818181818182,99.83116883116882,65.85064935064936
3/9/2022,194.4,95.02597402597402,99.37402597402598
4/1/2021,187.6315789473684,88.0657894736842,99.5657894736842
4/1/2022,205.5,83.99285714285715,121.50714285714285
4/10/2021,193.88888888888889,92.09756097560975,101.79132791327913
4/10/2022,212.75,97.29729729729729,115.45270270270271
4/11/2021,192.5,91.7439024390244,100.7560975609756
4/11/2022,212.0,96.0,116.0
4/12/2021,192.5,88.85365853658537,103.64634146341463
4/12/2022,212.75,89.1891891891892,123.5608108108108
4/13/2021,190.55555555555554,90.67283950617283,99.88271604938271
4/13/2022,201.11111111111111,91.81884057971014,109.29227053140097
4/14/2021,193.88888888888889,95.06172839506173,98.82716049382715
4/14/2022,200.55555555555554,95.36805555555556,105.18749999999999
4/15/2021,200.55555555555554,93.17721518987342,107.37834036568212
4/15/2022,209.16666666666666,101.83561643835617,107.33105022831049
4/16/2021,201.25,100.74050632911393,100.50949367088607
4/16/2022,205.25,110.89333333333333,94.35666666666667
4/17/2021,196.25,95.6604938271605,100.5895061728395
4/17/2022,203.0,100.97333333333333,102.02666666666667
4/18/2021,198.47222222222223,95.70121951219512,102.7710027100271
4/18/2022,207.10526315789474,113.2394366197183,93.86582653817644
4/19/2021,181.875,87.0609756097561,94.8140243902439
4/2/2021,192.10526315789474,89.58904109589041,102.51622206200433
4/2/2022,205.55555555555554,81.44202898550725,124.1135265700483
4/20/2021,193.33333333333334,88.27564102564102,105.05769230769232
4/21/2021,182.5,95.06,87.44
4/22/2021,190.875,89.47014925373135,101.40485074626865
4/23/2021,193.94736842105263,91.44927536231884,102.49809305873379
4/24/2021,182.85714285714286,92.06338028169014,90.79376257545272
4/25/2021,184.4047619047619,90.93243243243244,93.47232947232946
4/26/2021,189.88095238095238,91.07142857142857,98.80952380952381
4/27/2021,190.47619047619048,88.94736842105263,101.52882205513785
4/28/2021,198.6904761904762,87.64492753623189,111.04554865424431
4/29/2021,169.11764705882354,89.55555555555556,79.56209150326798
4/3/2021,191.8421052631579,90.43125,101.41085526315788
4/3/2022,201.18421052631578,77.84027777777777,123.34393274853801
4/30/2021,174.11764705882354,81.44067796610169,92.67696909272185
4/4/2021,189.875,88.79220779220779,101.08279220779221
4/4/2022,208.1578947368421,80.85616438356165,127.30173035328046
4/5/2021,179.7058823529412,92.95,86.75588235294119
4/5/2022,204.47368421052633,83.57638888888889,120.89729532163744
4/6/2021,186.5,94.29375,92.20625
4/6/2022,210.52631578947367,98.23571428571428,112.29060150375939
4/7/2021,183.68421052631578,93.15189873417721,90.53231179213857
4/7/2022,210.26315789473685,94.60958904109589,115.65356885364096
4/8/2021,184.21052631578948,96.375,87.83552631578948
4/8/2022,209.75,92.05405405405405,117.69594594594595
4/9/2021,189.73684210526315,93.3125,96.42434210526315
4/9/2022,200.47619047619048,96.91095890410959,103.56523157208089
5/1/2021,175.5,81.58035714285714,93.91964285714286
5/10/2021,170.13888888888889,77.91791044776119,92.2209784411277
5/11/2021,181.57894736842104,83.82307692307693,97.75587044534412
5/12/2021,169.11764705882354,83.55882352941177,85.55882352941177
5/13/2021,173.69444444444446,83.17910447761194,90.51533996683251
5/14/2021,173.55555555555554,80.67164179104478,92.88391376451077
5/15/2021,177.2058823529412,76.80147058823529,100.4044117647059
5/16/2021,177.64705882352942,73.9274193548387,103.71963946869072
5/17/2021,180.14705882352942,72.87903225806451,107.26802656546491
5/18/2021,175.0,74.19827586206897,100.80172413793103
5/19/2021,174.85294117647058,72.8030303030303,102.04991087344028
5/2/2021,175.09375,76.11940298507463,98.97434701492537
5/20/2021,167.77777777777777,76.61538461538461,91.16239316239316
5/21/2021,173.38235294117646,75.24626865671642,98.13608428446004
5/22/2021,171.3235294117647,74.46969696969697,96.85383244206773
5/23/2021,172.7941176470588,72.51449275362319,100.27962489343562
5/24/2021,176.47058823529412,74.35507246376811,102.115515771526
5/25/2021,158.4375,74.3515625,84.0859375
5/26/2021,157.1875,74.82307692307693,82.36442307692307
5/27/2021,156.875,78.38095238095238,78.49404761904762
5/28/2021,157.96875,79.4140625,78.5546875
5/29/2021,158.4375,81.296875,77.140625
5/3/2021,160.17857142857142,71.17592592592592,89.00264550264549
5/30/2021,160.0,79.5079365079365,80.4920634920635
5/31/2021,159.85294117647058,74.73880597014926,85.11413520632132
5/4/2021,151.78571428571428,70.41935483870968,81.3663594470046
5/5/2021,149.82142857142858,69.59558823529412,80.22584033613447
5/6/2021,146.89285714285714,69.9776119402985,76.91524520255864
5/7/2021,146.84615384615384,71.475,75.37115384615385
5/8/2021,173.94736842105263,74.47727272727273,99.4700956937799
5/9/2021,168.19444444444446,76.42424242424242,91.77020202020203
6/1/2021,163.08823529411765,76.09558823529412,86.99264705882354
6/10/2021,156.3235294117647,79.25384615384615,77.06968325791854
6/11/2021,149.26470588235293,79.99242424242425,69.27228163992868
6/12/2021,150.14705882352942,78.01515151515152,72.1319073083779
6/13/2021,146.80555555555554,74.46268656716418,72.34286898839136
6/14/2021,137.64705882352942,73.1015625,64.54549632352942
6/15/2021,140.2941176470588,73.2109375,67.08318014705881
6/16/2021,137.94117647058823,73.33846153846154,64.60271493212669
6/17/2021,129.5,78.80327868852459,50.696721311475414
6/18/2021,135.15625,80.4047619047619,54.7514880952381
6/19/2021,135.78125,78.95161290322581,56.82963709677419
6/2/2021,160.58823529411765,78.92857142857143,81.65966386554622
6/20/2021,138.5,79.58064516129032,58.91935483870968
6/21/2021,138.38235294117646,86.23387096774194,52.14848197343453
6/22/2021,141.3235294117647,86.84920634920636,54.47432306255834
6/23/2021,131.40625,81.91803278688525,49.48821721311475
6/24/2021,139.26470588235293,83.35087719298245,55.913828689370476
6/25/2021,129.53125,88.21875,41.3125
6/26/2021,127.03125,89.6015625,37.4296875
6/27/2021,125.78125,89.45652173913044,36.32472826086956
6/28/2021,127.65625,87.44776119402985,40.20848880597015
6/29/2021,131.40625,91.62878787878788,39.777462121212125
6/3/2021,160.14705882352942,78.84848484848484,81.29857397504458
6/30/2021,132.96875,90.07462686567165,42.89412313432835
6/4/2021,160.73529411764707,79.75,80.98529411764707
6/5/2021,156.61764705882354,79.83823529411765,76.77941176470588
6/6/2021,154.85294117647058,83.61475409836065,71.23818707810993
6/7/2021,157.35294117647058,79.76153846153846,77.59140271493212
6/8/2021,154.02777777777777,81.85593220338983,72.17184557438794
6/9/2021,156.76470588235293,83.38095238095238,73.38375350140055
7/1/2021,135.3125,90.61363636363636,44.69886363636364
7/10/2021,127.85714285714286,105.62096774193549,22.236175115207374
7/11/2021,125.71428571428571,107.6639344262295,18.050351288056206
7/12/2021,125.0,110.2936507936508,14.706349206349202
7/13/2021,123.33333333333333,113.23387096774194,10.099462365591393
7/14/2021,127.8125,112.06557377049181,15.74692622950819
7/15/2021,127.33333333333333,117.4322033898305,9.901129943502823
7/16/2021,127.33333333333333,119.21311475409836,8.120218579234972
7/17/2021,127.66666666666667,116.99180327868852,10.67486338797815
7/18/2021,131.0,116.21774193548387,14.782258064516128
7/19/2021,128.0,113.5859375,14.4140625
7/2/2021,134.6875,90.49264705882354,44.194852941176464
7/20/2021,164.7058823529412,111.96825396825396,52.73762838468723
7/21/2021,174.41176470588235,114.04838709677419,60.363377609108156
7/22/2021,172.05882352941177,120.4758064516129,51.58301707779887
7/23/2021,137.14285714285714,119.88709677419355,17.255760368663587
7/24/2021,137.14285714285714,118.625,18.51785714285714
7/25/2021,137.85714285714286,120.4076923076923,17.44945054945056
7/26/2021,138.21428571428572,120.8515625,17.362723214285722
7/27/2021,136.42857142857142,115.1796875,21.248883928571416
7/28/2021,133.46153846153845,114.4453125,19.016225961538453
7/29/2021,181.5625,114.74615384615385,66.81634615384615
7/3/2021,137.8125,94.33823529411765,43.47426470588235
7/30/2021,183.75,113.1969696969697,70.5530303030303
7/31/2021,140.0,117.6076923076923,22.392307692307696
7/4/2021,140.0,88.98550724637681,51.01449275362319
7/5/2021,137.8125,93.69402985074628,44.118470149253724
7/6/2021,139.375,100.76865671641791,38.60634328358209
7/7/2021,140.9375,102.5223880597015,38.4151119402985
7/8/2021,137.5,104.05882352941177,33.44117647058823
7/9/2021,140.9375,111.91538461538461,29.02211538461539
8/1/2021,140.0,114.94615384615385,25.053846153846152
8/10/2021,187.0,110.125,76.875
8/11/2021,187.5,104.6796875,82.8203125
8/12/2021,185.0,104.18461538461538,80.81538461538462
8/13/2021,189.28571428571428,105.31538461538462,83.97032967032966
8/14/2021,186.78571428571428,110.6328125,76.15290178571428
8/15/2021,186.07142857142858,109.50769230769231,76.56373626373627
8/16/2021,188.75,118.17213114754098,70.57786885245902
8/17/2021,186.16666666666666,111.4453125,74.72135416666666
8/18/2021,182.69230769230768,111.17910447761194,71.51320321469574
8/19/2021,181.53846153846155,111.52985074626865,70.0086107921929
8/2/2021,188.33333333333334,117.71212121212122,70.62121212121212
8/20/2021,175.35714285714286,109.6268656716418,65.73027718550107
8/21/2021,176.78571428571428,113.46268656716418,63.323027718550094
8/22/2021,179.28571428571428,115.140625,64.14508928571428
8/23/2021,177.30769230769232,116.88970588235294,60.41798642533938
8/24/2021,186.42857142857142,113.38059701492537,73.04797441364605
8/25/2021,170.71428571428572,112.58333333333333,58.130952380952394
8/26/2021,166.42857142857142,113.56716417910448,52.861407249466936
8/27/2021,168.57142857142858,115.72727272727273,52.84415584415585
8/28/2021,169.28571428571428,120.41269841269842,48.87301587301586
8/29/2021,168.92857142857142,120.5,48.428571428571416
8/3/2021,187.0,112.6796875,74.3203125
8/30/2021,177.5,133.76612903225808,43.73387096774192
8/31/2021,169.83333333333334,124.61290322580645,45.220430107526894
8/4/2021,187.0,109.58461538461539,77.41538461538461
8/5/2021,188.33333333333334,100.24242424242425,88.0909090909091
8/6/2021,189.66666666666666,112.17910447761194,77.48756218905471
8/7/2021,189.0,101.33333333333333,87.66666666666667
8/8/2021,187.33333333333334,115.86764705882354,71.4656862745098
8/9/2021,189.33333333333334,111.25757575757575,78.07575757575759
9/1/2021,168.66666666666666,126.14393939393939,42.522727272727266
9/10/2021,162.8125,136.03846153846155,26.774038461538453
9/11/2021,161.875,133.06923076923076,28.805769230769243
9/12/2021,161.875,130.20454545454547,31.670454545454533
9/13/2021,157.8125,133.03030303030303,24.78219696969697
9/14/2021,158.75,132.9318181818182,25.818181818181813
9/15/2021,164.0625,135.8939393939394,28.168560606060595
9/16/2021,159.0625,132.7109375,26.3515625
9/17/2021,156.5625,124.0,32.5625
9/18/2021,156.76470588235293,140.19402985074626,16.570676031606666
9/19/2021,153.75,130.52238805970148,23.227611940298516
9/2/2021,166.0,123.03968253968254,42.960317460317455
9/20/2021,148.23529411764707,117.98387096774194,30.251423149905136
9/21/2021,149.85294117647058,142.1764705882353,7.676470588235276
9/22/2021,151.47058823529412,136.03676470588235,15.433823529411768
9/23/2021,141.76470588235293,130.3846153846154,11.380090497737541
9/24/2021,145.88235294117646,145.41549295774647,0.46685998342999824
9/25/2021,145.55555555555554,137.05072463768116,8.504830917874386
9/26/2021,145.27777777777777,135.74285714285713,9.534920634920638
9/27/2021,150.0,140.29285714285714,9.707142857142856
9/28/2021,150.88235294117646,141.66666666666666,9.215686274509807
9/29/2021,147.35294117647058,142.19285714285715,5.16008403361343
9/3/2021,166.0,132.17741935483872,33.82258064516128
9/30/2021,143.23529411764707,145.20714285714286,-1.9718487394957833
9/4/2021,167.33333333333334,131.6076923076923,35.72564102564104
9/5/2021,167.33333333333334,128.17424242424244,39.15909090909091
9/6/2021,168.66666666666666,134.75757575757575,33.90909090909091
9/7/2021,166.78571428571428,139.38888888888889,27.396825396825392
9/8/2021,164.0,141.9765625,22.0234375
9/9/2021,167.5,147.0,20.5
